feature,importance
hematocrit,0.6829221
ferritin,0.07718867
platelet,0.07481938
neutrophil,0.059948806
lymphocyte,0.038848996
wbc,0.03633444
albumin,0.02993758
