patient_id,lag_days,n,r,p,significant
10014354,0,1643,0.44622978318277395,3.3139209050202956e-81,True
10014354,1,1641,0.44622714212769005,4.150387954336215e-81,True
10014354,2,1639,0.44622463880594954,5.197306303141188e-81,True
10014354,3,1637,0.4462222737437948,6.507452225490525e-81,True
10014354,7,1629,0.44621420670036216,1.5972471776984501e-80,True
10014354,14,1615,0.44620553613385827,7.649099297222331e-80,True
10014354,30,1583,0.44621267000939413,2.678826681539659e-78,True
